X,Y,object_id,id,description,code_esirius,www_photo,type,commune,code_officiel_geographique,adresse,code_postal,ville,tel,fax,horaires,has_dab_interne,has_dab_externe,has_conseiller_financier,has_conseiller_telecom,has_conseiller_polyvalent,global_id,has_conseiller_postal,created_user,created_date,last_edit_user,last_edited_date
281805.850000001,348277.664000001,1012,4305,Agence de KONE,site13,,Agence,KONE,98811,23 AVENUE DE KONIAMBO,98859,KONE,202250,472555,"LU : 07:45-12:00/12:00-15:00
MA : 07:45-12:00/12:00-15:00
ME : 07:45-12:00/12:00-15:00
JE : 07:45-12:00/12:00-15:00
VE : 07:45-12:00/12:00-15:00
SA : 
DI :",1,1,1,1,1,{16899592-68B8-4954-8245-147C988F8A69},0,OPT_NC,2021/07/05 23:00:03+00,OPT_NC,2021/07/05 23:00:03+00
530641.6171,364776.7653,1013,4307,Agence de LIFOU WE,site36,,Agence,LIFOU WE,98814,QANONO - VILLAGE DE WE,98820,WE,206284,431300,"LU : 07:45-12:00/12:00-15:00
MA : 07:45-12:00/12:00-15:00
ME : 07:45-12:00/12:00-15:00
JE : 07:45-12:00/12:00-15:00
VE : 07:45-12:00/12:00-15:00
SA : 
DI :",0,1,1,1,1,{E39B9DD2-2C3C-4423-A1F6-15482B647697},0,OPT_NC,2021/07/05 23:00:03+00,OPT_NC,2021/07/05 23:00:03+00
546448.801100001,344306.6357,1014,4162,Agence de LIFOU MOU,,,Annexe,LIFOU MOU,98814,VILLAGE DE MOU,98820,LIFOU,206502,450524,"LU : 08:30-11:30
MA : 08:30-11:30
ME : 00:00-00:00
JE : 08:30-11:30
VE : 08:30-11:30
SA : 
DI :",0,0,0,0,0,{1A8B77F4-009E-42DB-80B7-972EA3AD2AE8},0,OPT_NC,2021/07/05 23:00:03+00,OPT_NC,2021/07/05 23:00:03+00
519622.075599998,379050.9253,1015,4161,Agence de LIFOU CHEPENEHE,site42,,Annexe,LIFOU CHEPENEHE,98814,VILLAGE DE CHEPENEHE,98820,WE,206501,451874,"LU : 08:15-11:30/12:15-15:00
MA : 08:15-11:30/12:15-15:00
ME : 08:15-11:30/12:15-15:00
JE : 08:15-11:30/12:15-15:00
VE : 08:15-11:30/12:15-15:00
SA : 
DI :",1,0,0,0,0,{040F6AA9-38E2-4589-9AC4-BAE90D21B564},0,OPT_NC,2021/07/05 23:00:03+00,OPT_NC,2021/07/05 23:00:03+00
422331.963500001,242663.055600001,1016,4324,Agence de TONTOUTA AEROPORT,site20,,Annexe,TONTOUTA AEROPORT,98821,Lot 138 ALLEE PAUL KLEIN,98840,TONTOUTA,351655,,"LU : 
MA : 
ME : 
JE : 
VE : 
SA : 
DI :",0,1,0,0,0,{89114904-B3BF-4F5B-9269-F8F9DD85C56C},0,OPT_NC,2021/07/05 23:00:03+00,OPT_NC,2021/07/05 23:00:03+00
594845.526600003,293680.7009,1017,4308,Agence de MARE TADINE,site32,,Agence,MARE TADINE,98815,VILLAGE DE TADINE,98828,TADINE,267180,454141,"LU : 07:45-12:00/12:00-15:00
MA : 07:45-12:00/12:00-15:00
ME : 07:45-12:00/12:00-15:00
JE : 07:45-12:00/12:00-15:00
VE : 07:45-12:00/12:00-15:00
SA : 
DI :",1,1,0,0,0,{32D16397-5D6A-48FF-8786-1F4AD0174157},0,OPT_NC,2021/07/05 23:00:03+00,OPT_NC,2021/07/05 23:00:03+00
193612.689999998,439082.6183,1018,4172,Agence de POUM,site30,,Agence,POUM,98826,Lot 11PIE,98826,POUM,206515,476655,"LU : 07:45-11:15/12:15-15:00
MA : 07:45-11:15/12:15-15:00
ME : 07:45-11:15/12:15-15:00
JE : 07:45-11:15/12:15-15:00
VE : 07:45-11:15/12:15-15:00
SA : 
DI :",1,0,0,0,0,{BEE75B3A-179C-4915-855C-77DCAA8FE288},0,OPT_NC,2021/07/05 23:00:03+00,OPT_NC,2021/07/05 23:00:03+00
285727.268100001,341271.701099999,1019,4321,Agence de POUEMBOUT,site29,,Agence,POUEMBOUT,98825,Lot 3,98825,POUEMBOUT,472102,472500,"LU : 07:45-11:15/12:15-15:00
MA : 07:45-11:15/12:15-15:00
ME : 07:45-11:15/12:15-15:00
JE : 07:45-11:15/12:15-15:00
VE : 07:45-11:15/12:15-15:00
SA : 
DI :",1,0,0,0,0,{D7CBD35A-D772-4087-A9CA-59D76E6CAC5A},0,OPT_NC,2021/07/05 23:00:03+00,OPT_NC,2021/07/05 23:00:03+00
330479.955399998,362093.436799999,1020,4319,Agence de POINDIMIE,site15,,Agence,POINDIMIE,POINDIMIE,Lot 22,98822,POINDIMIE,426800,427373,"LU : 07:45-12:00/12:00-15:00
MA : 07:45-12:00/12:00-15:00
ME : 07:45-12:00/12:00-15:00
JE : 07:45-12:00/12:00-15:00
VE : 07:45-12:00/12:00-15:00
SA : 
DI :",0,1,1,1,1,{37CC6FC8-31C4-4052-B46E-202E25FF6B51},0,OPT_NC,2021/07/05 23:00:03+00,OPT_NC,2021/07/05 23:00:03+00
237294.146600001,427221.3313,1021,4315,Agence de OUEGOA,site28,,Agence,OUEGOA,OUEGOA,Lot 51PARTIE V.U.12,98821,OUEGOA,206514,476414,"LU : 07:45-11:15/12:15-15:00
MA : 07:45-11:15/12:15-15:00
ME : 07:45-11:15/12:15-15:00
JE : 07:45-11:15/12:15-15:00
VE : 07:45-11:15/12:15-15:00
SA : 
DI :",1,0,0,0,0,{A7672D93-4A07-46E5-898A-267BC5DC9E6C},0,OPT_NC,2021/07/05 23:00:03+00,OPT_NC,2021/07/05 23:00:03+00
382333.568099998,276615.184699999,1022,4306,Agence de LA FOA,site22,,Agence,LA FOA,98813,Lot 57pie,98880,LA FOA,443100,443111,"LU : 07:45-12:00/12:00-15:00
MA : 07:45-12:00/12:00-15:00
ME : 07:45-12:00/12:00-15:00
JE : 07:45-12:00/12:00-15:00
VE : 07:45-12:00/12:00-15:00
SA : 
DI :",0,1,0,0,0,{6A1F1850-601B-4A7D-987E-2112A4CEC467},0,OPT_NC,2021/07/05 23:00:03+00,OPT_NC,2021/07/05 23:00:03+00
240891.111199997,372906.975,1023,4158,Agence de KAALA-GOMEN OUACO,site26,,Annexe,KAALA-GOMEN OUACO,98810,Lot 228,98817,KAALA-GOMEN,476421,,"LU : 
MA : 
ME : 
JE : 
VE : 
SA : 
DI :",0,0,0,0,0,{4A33BB24-4298-4777-AFEC-8F548708B2F7},0,OPT_NC,2021/07/05 23:00:03+00,OPT_NC,2021/07/05 23:00:03+00
396056.412299998,297966.070699999,1024,4302,Agence de CANALA,site24,,Agence,CANALA,98804,Lot 156,98813,CANALA,206506,423242,"LU : 07:45-11:15/12:15-15:00
MA : 07:45-11:15/12:15-15:00
ME : 07:45-11:15/12:15-15:00
JE : 07:45-11:15/12:15-15:00
VE : 07:45-11:15/12:15-15:00
SA : 
DI :",1,0,0,0,0,{4452AF86-BDF4-401A-A308-ABACDE55ED3A},0,OPT_NC,2021/07/05 23:00:03+00,OPT_NC,2021/07/05 23:00:03+00
497210.399599999,226581.953,1025,4327,Agence de YATE,site9,,Agence,YATE,98832,Lot 42,98834,YATE,464100,464200,"LU : 07:45-11:15/12:15-15:00
MA : 07:45-11:15/12:15-15:00
ME : 07:45-11:15/12:15-15:00
JE : 07:45-11:15/12:15-15:00
VE : 07:45-11:15/12:15-15:00
SA : 
DI :",1,0,0,0,0,{2BF32740-8483-40F6-A977-6BD53C4FC369},0,OPT_NC,2021/07/05 23:00:03+00,OPT_NC,2021/07/05 23:00:03+00
553736.007700004,170043.794399999,1026,4163,Agence de L'ILE DES PINS VAO,site34,,Agence,L'ILE DES PINS VAO,98809,VILLAGE DE VAO,98832,ILE DES PINS,461100,461212,"LU : 07:45-11:30/12:30-15:00
MA : 07:45-11:30/12:30-15:00
ME : 07:45-11:30/12:30-15:00
JE : 07:45-11:30/12:30-15:00
VE : 07:45-11:30/12:30-15:00
SA : 
DI :",1,0,0,0,0,{50411500-F98D-4171-B09C-5478733B4565},0,OPT_NC,2021/07/05 23:00:03+00,OPT_NC,2021/07/05 23:00:03+00
320388.833899997,379412.259400001,1027,4325,Agence de TOUHO,site46,,Agence,TOUHO,98830,Lot 107,98831,TOUHO,206509,428700,"LU : 07:45-11:15/12:15-15:00
MA : 07:45-11:15/12:15-15:00
ME : 07:45-11:15/12:15-15:00
JE : 07:45-11:15/12:15-15:00
VE : 07:45-11:15/12:15-15:00
SA : 
DI :",1,0,0,0,0,{BC152E24-1339-43F0-9376-C1F5BADE6BC5},0,OPT_NC,2021/07/05 23:00:03+00,OPT_NC,2021/07/05 23:00:03+00
422306.330600001,287718.6599,1028,4175,Agence de THIO,site33,,Agence,THIO,98829,Lot 170,98829,THIO,206505,445300,"LU : 07:45-11:15/12:15-15:00
MA : 07:45-11:15/12:15-15:00
ME : 07:45-11:15/12:15-15:00
JE : 07:45-11:15/12:15-15:00
VE : 07:45-11:15/12:15-15:00
SA : 
DI :",1,0,0,0,0,{523A19BD-756A-4BF6-B0A1-E8F40408CC81},0,OPT_NC,2021/07/05 23:00:03+00,OPT_NC,2021/07/05 23:00:03+00
610437.137400001,301350.7783,1029,4309,Agence de MARE LA ROCHE,site41,,Annexe,MARE LA ROCHE,98815,VILLAGE DE LA ROCHE,98828,MARE,267196,454175,"LU : 10:00-12:00/12:00-14:00
MA : 10:00-12:00/12:00-14:00
ME : 10:00-12:00/12:00-14:00
JE : 10:00-12:00/12:00-14:00
VE : 10:00-12:00/12:00-14:00
SA : 
DI :",0,0,0,0,0,{81299185-BC1A-4115-A72D-71BBE65EEFFD},0,OPT_NC,2021/07/05 23:00:03+00,OPT_NC,2021/07/05 23:00:03+00
295883.768600002,318618.8369,1030,4174,Agence de POYA NEPOUI,site43,,Annexe,POYA NEPOUI,98827,Lot 131PIE,98827,POYA,206517,471300,"LU : 08:30-11:15/12:15-14:00
MA : 08:30-11:15/12:15-14:00
ME : 08:30-11:15/12:15-14:00
JE : 08:30-11:15/12:15-14:00
VE : 08:30-11:15/12:15-14:00
SA : 
DI :",1,0,0,0,0,{E9BC6923-DE60-4B3D-BE56-E4528C22C8EE},0,OPT_NC,2021/07/05 23:00:03+00,OPT_NC,2021/07/05 23:00:03+00
252550.511399999,421279.595799999,1031,4320,Agence de POUEBO,site49,,Agence,POUEBO,98824,Lot 39PARTIE,98824,POUEBO,206513,476677,"LU : 07:45-11:15/12:15-15:00
MA : 07:45-11:15/12:15-15:00
ME : 07:45-11:15/12:15-15:00
JE : 07:45-11:15/12:15-15:00
VE : 07:45-11:15/12:15-15:00
SA : 
DI :",0,1,0,1,0,{BD201D6E-1094-4FE8-B919-42B8A9E47EE4},0,OPT_NC,2021/07/05 23:00:03+00,OPT_NC,2021/07/05 23:00:03+00
338074.876000002,347237.542300001,1032,4171,Agence de PONERIHOUEN,site47,,Agence,PONERIHOUEN,98823,Lot 21,98823,PONERIHOUEN,206508,428510,"LU : 07:45-11:15/12:15-15:00
MA : 07:45-11:15/12:15-15:00
ME : 07:45-11:15/12:15-15:00
JE : 07:45-11:15/12:15-15:00
VE : 07:45-11:15/12:15-15:00
SA : 
DI :",1,0,0,0,0,{F3BB2DA0-7551-49E0-A0F4-CE73863A1D46},0,OPT_NC,2021/07/05 23:00:03+00,OPT_NC,2021/07/05 23:00:03+00
367105.945200004,278873.540899999,1033,4310,Agence de MOINDOU,,,Annexe,MOINDOU,98816,Lot 51,98819,MOINDOU,206507,443515,"LU : 08:00-11:15
MA : 08:00-11:15
ME : 08:00-12:00
JE : 08:00-11:15
VE : 08:00-12:00
SA : 
DI :",0,0,0,0,0,{B8E4AFBE-1E37-4252-8628-80CE35B328EE},0,OPT_NC,2021/07/05 23:00:03+00,OPT_NC,2021/07/05 23:00:03+00
263699.499300003,360315.8224,1034,4326,Agence de VOH,site35,,Agence,VOH,98831,Lot 75,98833,VOH,206518,472800,"LU : 07:45-11:15/12:15-15:00
MA : 07:45-11:15/12:15-15:00
ME : 07:45-11:15/12:15-15:00
JE : 07:45-11:15/12:15-15:00
VE : 07:45-11:15/12:15-15:00
SA : 
DI :",0,1,0,0,0,{7D2C4FCC-52DD-4BBA-95D3-2826E31DB8D8},0,OPT_NC,2021/07/05 23:00:03+00,OPT_NC,2021/07/05 23:00:03+00
220675.333099999,403179.2995,1035,4160,Agence de KOUMAC,site14,,Agence,KOUMAC,98812,Lot 175,98850,KOUMAC,202340,476565,"LU : 07:45-12:00/12:00-15:00
MA : 07:45-12:00/12:00-15:00
ME : 07:45-12:00/12:00-15:00
JE : 07:45-12:00/12:00-15:00
VE : 07:45-12:00/12:00-15:00
SA : 
DI :",0,1,0,0,0,{88768DD8-7EEC-4DBC-8B66-9C6A9C98878A},0,OPT_NC,2021/07/05 23:00:03+00,OPT_NC,2021/07/05 23:00:03+00
382030.455899999,311535.2645,1036,4159,Agence de KOUAOUA,site27,,Agence,KOUAOUA,98833,Lot 95 V.U.17,98818,KOUAOUA,206510,424400,"LU : 07:45-11:15/12:15-15:00
MA : 07:45-11:15/12:15-15:00
ME : 07:45-11:15/12:15-15:00
JE : 07:45-11:15/12:15-15:00
VE : 07:45-11:15/12:15-15:00
SA : 
DI :",1,1,0,0,0,{576D4441-2497-4B2F-8211-E1F450778B44},0,OPT_NC,2021/07/05 23:00:03+00,OPT_NC,2021/07/05 23:00:03+00
232992.781999998,391297.1371,1037,4157,Agence de KAALA-GOMEN,,,Agence,KAALA-GOMEN,98810,Lot 39,98817,KAALA-GOMEN,206516,476797,"LU : 07:45-11:15/12:15-15:00
MA : 07:45-11:15/12:15-15:00
ME : 07:45-11:15/12:15-15:00
JE : 07:45-11:15/12:15-15:00
VE : 07:45-11:15/12:15-15:00
SA : 
DI :",1,1,0,0,0,{D535F009-D467-4CE7-B1EC-C547E526DA59},0,OPT_NC,2021/07/05 23:00:03+00,OPT_NC,2021/07/05 23:00:03+00
369911.002400003,321999.9924,1038,4304,Agence de HOUAILOU PORO,,,Annexe,HOUAILOU PORO,98808,Lot 8,98816,HOUAILOU,206511,,"LU : 08:30-10:00
MA : 08:30-10:00
ME : 08:30-10:00
JE : 08:30-10:00
VE : 08:30-10:00
SA : 
DI :",0,0,0,0,0,{BA6F3C0D-EBDA-4EDC-8A01-1347F76CF245},0,OPT_NC,2021/07/05 23:00:03+00,OPT_NC,2021/07/05 23:00:03+00
361365.158,324462.910499999,1039,4156,Agence de HOUAILOU,site45,,Agence,HOUAILOU,98808,Lot 41,98816,HOUAILOU,425100,425277,"LU : 07:45-12:00/12:00-15:00
MA : 07:45-12:00/12:00-15:00
ME : 07:45-12:00/12:00-15:00
JE : 07:45-12:00/12:00-15:00
VE : 07:45-12:00/12:00-15:00
SA : 
DI :",1,0,0,0,0,{BD5AAEAA-D1EB-4E3F-8B8B-7B874A0699E3},0,OPT_NC,2021/07/05 23:00:03+00,OPT_NC,2021/07/05 23:00:03+00
289935.325599998,389295.415200001,1040,4155,Agence de HIENGHENE,site44,,Agence,HIENGHENE,98807,Lot 40PIE,98815,HIENGHENE,206512,428181,"LU : 07:45-11:15/12:15-15:00
MA : 07:45-11:15/12:15-15:00
ME : 07:45-11:15/12:15-15:00
JE : 07:45-11:15/12:15-15:00
VE : 07:45-11:15/12:15-15:00
SA : 
DI :",1,0,0,0,0,{5307A0B0-E19E-4D40-B7E4-B6061BD4D689},0,OPT_NC,2021/07/05 23:00:03+00,OPT_NC,2021/07/05 23:00:03+00
455770.661600001,393702.9166,1041,4316,Agence de OUVEA FAYAOUE,site25,,Agence,OUVEA FAYAOUE,98820,VILLAGE DE FAYAOUE,98814,FAYAOUE,951395,457272,"LU : 07:45-11:15/12:15-15:00
MA : 07:45-11:15/12:15-15:00
ME : 07:45-11:15/12:15-15:00
JE : 07:45-11:15/12:15-15:00
VE : 07:45-11:15/12:15-15:00
SA : 
DI :",0,1,0,0,0,{150CD8A2-4897-4F26-882C-E8A7382553D7},0,OPT_NC,2021/07/05 23:00:03+00,OPT_NC,2021/07/05 23:00:03+00
348020.384099998,292310.123600001,1042,4152,Agence de BOURAIL,site16,,Agence,BOURAIL,98803,Lot 84 RUE VICTOR TANT,98870,BOURAIL,447050,441100,"LU : 07:45-12:00/12:00-15:00
MA : 07:45-12:00/12:00-15:00
ME : 07:45-12:00/12:00-15:00
JE : 07:45-12:00/12:00-15:00
VE : 07:45-12:00/12:00-15:00
SA : 
DI :",0,1,1,1,1,{3C0AAC83-25C1-4DE5-A50E-500B27F06FF6},0,OPT_NC,2021/07/05 23:00:03+00,OPT_NC,2021/07/05 23:00:03+00
404963.629799999,259435.0493,1043,4301,Agence de BOULOUPARIS,site23,,Agence,BOULOUPARIS,98802,Lot 124 V.U.8,98812,BOULOUPARIS,351700,351800,"LU : 07:45-12:00/12:00-15:00
MA : 07:45-12:00/12:00-15:00
ME : 07:45-12:00/12:00-15:00
JE : 07:45-12:00/12:00-15:00
VE : 07:45-12:00/12:00-15:00
SA : 
DI :",0,1,0,0,0,{4D18C368-2E2B-46F0-B733-3EDB0D6D774F},0,OPT_NC,2021/07/05 23:00:03+00,OPT_NC,2021/07/05 23:00:03+00
155586.639399998,492029.6173,1044,4151,Agence de BELEP,site48,,Agence,BELEP,98801,ILE ART - VILLAGE de WALLA,98811,BELEP,476482,476920,"LU : 07:45-11:15/12:15-15:00
MA : 07:45-11:15/12:15-15:00
ME : 07:45-11:15/12:15-15:00
JE : 07:45-11:15/12:15-15:00
VE : 07:45-11:15/12:15-15:00
SA : 
DI :",0,0,0,0,0,{52CE93CB-A92F-44B5-9A0F-3C8CA62AB8A8},0,OPT_NC,2021/07/05 23:00:03+00,OPT_NC,2021/07/05 23:00:03+00
445265.18,223801.65,1045,4154,Agence de DUMBEA PANDA,site39,,Annexe,DUMBEA PANDA,98805,43 RUE DES ARPENTEURS,98835,DUMBEA,206100,410620,"LU : 07:45-12:00/12:00-15:00
MA : 07:45-12:00/12:00-15:00
ME : 07:45-12:00/12:00-15:00
JE : 07:45-12:00/12:00-15:00
VE : 07:45-12:00/12:00-15:00
SA : 
DI :",0,1,1,1,0,{A7726642-8ACA-4840-8B47-4762644A03EA},0,OPT_NC,2021/07/05 23:00:03+00,OPT_NC,2021/07/05 23:00:03+00
460364.244099997,218156.1326,1046,4311,Agence de MONT-DORE LA COULEE,site38,,Annexe,MONT-DORE LA COULEE,98817,15 ROUTE DU VALLON DORE,98809,MONT-DORE,352752,352878,"LU : 07:45-11:15/12:15-15:00
MA : 07:45-11:15/12:15-15:00
ME : 07:45-11:15/12:15-15:00
JE : 07:45-11:15/12:15-15:00
VE : 07:45-11:15/12:15-15:00
SA : 
DI :",0,1,1,1,0,{29FB4E10-B30F-48E2-ADCA-CC0038CF697F},0,OPT_NC,2021/07/05 23:00:03+00,OPT_NC,2021/07/05 23:00:03+00
384867.693700001,284276.506200001,1047,4322,Agence de SARRAMEA,,,Annexe,SARRAMEA,98828,Lot 1,98882,SARRAMEA,44 36 30,,"LU : /13:30-14:30
MA : /13:30-14:30
ME : 
JE : /13:30-14:30
VE : /13:30-14:30
SA : 
DI :",0,0,0,0,0,{AD954CEB-95C8-44F1-A697-1C02B635C32C},0,OPT_NC,2021/07/05 23:00:03+00,OPT_NC,2021/07/05 23:00:03+00
422331.963500001,242663.055600001,1049,4323,Agence de TONTOUTA,,,Agence,TONTOUTA,98821,Lot 138 ALLEE PAUL KLEIN,98840,TONTOUTA,206290,,"LU : 07:45-11:15/12:15-15:00
MA : 07:45-11:15/12:15-15:00
ME : 07:45-11:15/12:15-15:00
JE : 07:45-11:15/12:15-15:00
VE : 07:45-11:15/12:15-15:00
SA : 
DI :",1,1,0,0,0,{D8529295-2E49-4050-94B4-76E82084A2F7},0,OPT_NC,2021/07/05 23:00:03+00,OPT_NC,2021/07/05 23:00:03+00
312795.9102,316715.218699999,1050,4173,Agence de POYA,,,Agence,POYA,98827,Lot 27J PIE,98827,POYA,471715,471766,"LU : 07:45-11:15/12:15-15:00
MA : 07:45-11:15/12:15-15:00
ME : 07:45-11:15/12:15-15:00
JE : 07:45-11:15/12:15-15:00
VE : 07:45-11:15/12:15-15:00
SA : 
DI :",0,1,0,0,0,{71144A9A-D6CC-4AE0-935E-794CAA026F9E},0,OPT_NC,2021/07/05 23:00:03+00,OPT_NC,2021/07/05 23:00:03+00
447275.560000002,225966.710000001,1051,4153,Agence de DUMBEA MAIRIE,,,Annexe,DUMBEA MAIRIE,98805,777 ROUTE TERRITORIALE N°1,98835,DUMBEA,206503,417595,"LU : 09:00-11:30/12:30-14:30
MA : 09:00-11:30/12:30-14:30
ME : 09:00-11:30/12:30-14:30
JE : 09:00-11:30/12:30-14:30
VE : 09:00-11:30/12:30-14:30
SA : 
DI :",0,1,0,0,0,{935544AA-0CE8-4608-B37D-62BC3B318C6C},0,OPT_NC,2021/07/05 23:00:03+00,OPT_NC,2021/07/05 23:00:03+00
450123.619999997,220029.220000001,1052,4165,Agence de MONT-DORE PONT DES FRANCAIS,site37,,Annexe,MONT-DORE PONT DES FRANCAIS,98817,107 AVENUE DES DEUX BAIES,98809,MONT-DORE,436101,432200,"LU : 
MA : 
ME : 
JE : 
VE : 
SA : 
DI :",1,1,1,1,0,{2FA7353E-9C7D-485E-8E83-E27CAD2BEB3F},0,OPT_NC,2021/07/05 23:00:03+00,OPT_NC,2021/07/05 23:00:03+00
453534.280000001,219434.050000001,1053,4164,Agence de MONT-DORE BOULARI,site8,,Agence,MONT-DORE BOULARI,98817,23 RUE ANTOINE GRISCELLI,98809,MONT-DORE,413333,436262,"LU : 07:45-12:00/12:00-15:00
MA : 07:45-12:00/12:00-15:00
ME : 07:45-12:00/12:00-15:00
JE : 07:45-12:00/12:00-15:00
VE : 07:45-12:00/12:00-15:00
SA : 
DI :",1,1,1,1,0,{E7085C88-30D6-46C5-A9B3-9C291E532643},0,OPT_NC,2021/07/05 23:00:03+00,OPT_NC,2021/07/05 23:00:03+00
464206.859999999,214240.57,1054,4312,Agence de MONT-DORE PLUM,,,Annexe,MONT-DORE PLUM,98817,9048 LA CORNICHE DU MONT DORE,98809,MONT-DORE,206504,354703,"LU : 08:00-11:00/12:00-14:30
MA : 08:00-11:00/12:00-14:30
ME : 08:00-11:00/12:00-14:30
JE : 08:00-11:00/12:00-14:30
VE : 08:00-11:00/12:00-14:30
SA : 
DI :",0,0,0,0,0,{D6D4839D-30F7-4C90-BFA1-B394009B8136},0,OPT_NC,2021/07/05 23:00:03+00,OPT_NC,2021/07/05 23:00:03+00
448817.280000001,221400.57,1055,4303,Agence de DUMBEA KOUTIO,site18,,Agence,DUMBEA KOUTIO,98805,5 IMPASSE PIERRE VOYER,98835,DUMBEA,411515,416098,"LU : 07:45-12:00/12:00-15:00
MA : 07:45-12:00/12:00-15:00
ME : 07:45-12:00/12:00-15:00
JE : 07:45-12:00/12:00-15:00
VE : 07:45-12:00/12:00-15:00
SA : 
DI :",1,1,1,1,0,{BC5BB38E-668B-4EEC-8449-5923D02B7E57},0,OPT_NC,2021/07/05 23:00:03+00,OPT_NC,2021/07/05 23:00:03+00
438030.292400002,230183.5452,1056,4318,Agence de PAITA,site10,,Agence,PAITA,98821,Lot 110,98889,PAITA,206257,353700,"LU : 07:45-12:00/12:00-15:00
MA : 07:45-12:00/12:00-15:00
ME : 07:45-12:00/12:00-15:00
JE : 07:45-12:00/12:00-15:00
VE : 07:45-12:00/12:00-15:00
SA : 
DI :",1,1,1,1,1,{7C284290-5174-4BBC-8B62-3CB0B80028D8},0,OPT_NC,2021/07/05 23:00:03+00,OPT_NC,2021/07/05 23:00:03+00
445967.219999999,212085.43,1057,4168,Agence de NOUMEA SUD,,,Agence,NOUMEA SUD,98818,19 RUE MARCELLIN LACABANNE,98800,NOUMÉA,268650,262760,"LU : 07:45-12:00/12:00-15:00
MA : 07:45-12:00/12:00-15:00
ME : 07:45-12:00/12:00-15:00
JE : 07:45-12:00/12:00-15:00
VE : 07:45-12:00/12:00-15:00
SA : 
DI :",1,1,1,1,0,{51D517F9-E12E-47E4-83CD-402EB47D4906},0,OPT_NC,2021/07/05 23:00:03+00,OPT_NC,2021/07/05 23:00:03+00
446756.509999998,214629.01,1058,4170,Agence de NOUMEA VALLEE DES COLONS,site21,,Annexe,NOUMEA VALLEE DES COLONS,98818,54 RUE AUGUSTE BENEBIG,98800,NOUMÉA,273764,281878,"LU : 07:45-12:00/12:00-15:00
MA : 07:45-12:00/12:00-15:00
ME : 07:45-12:00/12:00-15:00
JE : 07:45-12:00/12:00-15:00
VE : 07:45-12:00/12:00-15:00
SA : 
DI :",1,1,0,0,0,{8C2EB245-CF76-4A47-96B4-11CA65B8EE01},0,OPT_NC,2021/07/05 23:00:03+00,OPT_NC,2021/07/05 23:00:03+00
446868.630000003,216717.689999999,1059,3101,Agence de NOUMEA MONTRAVEL - FERMEE,,,Annexe,NOUMEA MONTRAVEL - FERMEE,98818,5 RUE DU DOCTEUR GEORGES COLLARD,98800,NOUMÉA,285052,285054,"LU : 08:00-11:00
MA : 
ME : 08:00-11:00
JE : 
VE : 08:00-11:00
SA : 
DI :",0,0,0,0,0,{F735A02F-2787-4A70-8FB6-61C03FE2E5F2},0,OPT_NC,2021/07/05 23:00:03+00,OPT_NC,2021/07/05 23:00:03+00
445934.380000003,215750.640000001,1060,1152,Agence de NOUMEA VALLEE DU TIR,site12,,Agence,NOUMEA VALLEE DU TIR,98818,3 RUE BERTHELOT,98800,NOUMÉA,274415,277698,"LU : 07:45-12:00/12:00-15:00
MA : 07:45-12:00/12:00-15:00
ME : 07:45-12:00/12:00-15:00
JE : 07:45-12:00/12:00-15:00
VE : 07:45-12:00/12:00-15:00
SA : 
DI :",0,1,1,1,0,{BAD010C6-D104-4748-8C94-0B4F583DA719},0,OPT_NC,2021/07/05 23:00:03+00,OPT_NC,2021/07/05 23:00:03+00
444446.850000001,218799.1,1061,1652,Agence de NOUMEA DUCOS LOGICOOP,site19,,Annexe,ANNEXE DE LOGICOOP,98818,139 Route de la BAIE DES DAMES - RUE JOSE CASAROLI,98800,NOUMÉA,284890,272154,"LU : 08:00-11:15/12:15-14:30
MA : 08:00-11:15/12:15-14:30
ME : 08:00-11:15/12:15-14:30
JE : 08:00-11:15/12:15-14:30
VE : 08:00-11:15/12:15-14:30
SA : 
DI :",0,1,1,0,0,{8472B76F-7DAC-464B-BD26-8ED3E128EA0E},0,OPT_NC,2021/07/05 23:00:03+00,OPT_NC,2021/07/05 23:00:03+00
446072.450000003,218361.17,1062,1651,Agence de NOUMEA DUCOS CENTRE,site17,,Agence,agence OPT DUCOS CENTRE,98818,30 Route de la BAIE DES DAMES - RUE JOSE CASAROLI,98800,NOUMÉA,231300,231010,"LU : 07:45-12:00/12:00-15:00
MA : 07:45-12:00/12:00-15:00
ME : 07:45-12:00/12:00-15:00
JE : 07:45-12:00/12:00-15:00
VE : 07:45-12:00/12:00-15:00
SA : 
DI :",1,1,1,1,0,{4CCB12D4-952B-4BBA-BB14-343575C44546},0,OPT_NC,2021/07/05 23:00:03+00,OPT_NC,2021/07/05 23:00:03+00
447954.630000003,218612.65,1063,4167,Agence de NOUMEA RIVIERE SALEE,site11,,Agence,NOUMEA RIVIERE SALEE,98818,53 AVENUE BONAPARTE,98800,NOUMÉA,419596,416099,"LU : 07:45-11:15/12:15-15:00
MA : 07:45-11:15/12:15-15:00
ME : 07:45-11:15/12:15-15:00
JE : 07:45-11:15/12:15-15:00
VE : 07:45-11:15/12:15-15:00
SA : 
DI :",0,1,1,1,1,{3349BCF9-EE10-4020-95F3-A75285E7AF94},0,OPT_NC,2021/07/05 23:00:03+00,OPT_NC,2021/07/05 23:00:03+00
448361.829999998,217435.73,1064,4166,Agence de NOUMEA BELLE VIE,site5,,Agence,NOUMEA BELLE VIE,98818,224 RUE JACQUES IEKAWE,98800,NOUMÉA,413636,413639,"LU : 
MA : 
ME : 
JE : 
VE : 
SA : 07:45-11:00
DI :",1,1,1,1,1,{26C29C8B-732B-4116-B8B7-BE274A1B562C},0,OPT_NC,2021/07/05 23:00:03+00,OPT_NC,2021/07/05 23:00:03+00
447804.270000003,214785.029999999,1065,4313,Agence de NOUMEA MAGENTA,site2,,Agence,NOUMEA MAGENTA,98818,35 RUE DU 18 JUIN,98800,NOUMÉA,268686,287100,"LU : 
MA : 
ME : 
JE : 
VE : 
SA : 07:45-11:00
DI :",1,1,1,1,0,{FF710863-8582-4BD9-BFDE-0289CCE624D9},0,OPT_NC,2021/07/05 23:00:03+00,OPT_NC,2021/07/05 23:00:03+00
446772.509999998,212851.24,1066,4169,Agence de NOUMEA SUD N'GEA,site4,,Annexe,NOUMEA SUD N'GEA,98818,28 RUE HENRI GASPARD,98800,NOUMÉA,268665,286394,"LU : 07:45-12:00/12:00-15:00
MA : 07:45-12:00/12:00-15:00
ME : 07:45-12:00/12:00-15:00
JE : 07:45-12:00/12:00-15:00
VE : 07:45-12:00/12:00-15:00
SA : 
DI :",1,1,0,1,0,{D45F4742-1919-40CC-B158-78995EC040F3},0,OPT_NC,2021/07/05 23:00:03+00,OPT_NC,2021/07/05 23:00:03+00
445672.850000001,214091.58,1068,4314,Agence de NOUMEA AGENCE PRINCIPALE,site1,,Agence,NOUMEA AGENCE PRINCIPALE,98818,7 RUE EUGÈNE PORCHERON,98800,NOUMÉA,268400,278230,"LU : 
MA : 
ME : 
JE : 
VE : 
SA : 07:45-11:00
DI :",1,1,1,1,0,{64138C77-CB3B-441F-A3AF-27D6F60C970D},0,OPT_NC,2021/07/05 23:00:03+00,OPT_NC,2021/07/05 23:00:03+00
445241.079999998,214674.689999999,1069,4328,Agence ENTREPRISES,site3,,Agence," ENTREPRISES",98818,9 RUE DU GÉNÉRAL GALLIENI,98800,NOUMEA,1016,267794,"LU : 07:45-12:00/12:00-15:30
MA : 07:45-12:00/12:00-15:30
ME : 07:45-12:00/12:00-15:30
JE : 07:45-12:00/12:00-15:30
VE : 07:45-12:00/12:00-15:30
SA : 
DI :",0,0,0,1,0,{B56FA5C7-03AE-4855-AC79-BC64BAA4EBA4},1,OPT_NC,2021/07/05 23:00:03+00,OPT_NC,2021/07/05 23:00:03+00
445672.850000001,214091.58,1070,4176,Centre de Distribution du Courrier,,,Cdc,Centre de Distribution du Courrier,98818,7 RUE EUGÈNE PORCHERON,98800,NOUMEA,1000,,"LU : 
MA : 
ME : 
JE : 
VE : 
SA : 
DI :",0,0,0,0,0,{ACC4D8CA-0BC4-49A5-9C6D-2680AE08402E},,OPT_NC,2021/07/05 23:00:03+00,OPT_NC,2021/07/05 23:00:03+00
446400.659999996,218117.880000001,1071,1151,Centre de Traitement Postal,site6,,Ctc,Centre de Traitement Postal,98818,15 RUE FERNAND FOREST,98800,NOUMEA,1000,,"LU : 07:45-12:00/12:00-15:30
MA : 07:45-12:00/12:00-15:30
ME : 07:45-12:00/12:00-15:30
JE : 07:45-12:00/12:00-15:30
VE : 07:45-12:00/12:00-15:30
SA : 
DI :",,1,,,,{A18AA4C1-97CE-44AA-99BA-6A542304C338},1,OPT_NC,2021/07/05 23:00:03+00,OPT_NC,2021/07/05 23:00:03+00
445672.850000001,214091.58,1072,4177,Agence philatélique,,,Agence," philatélique",98818,7 Rue Eugène PORCHERON,98800,NOUMEA,268412,291998,"LU : 08:00-12:00
MA : 08:00-12:00
ME : 08:00-12:00
JE : 08:00-12:00
VE : 08:00-12:00
SA : 
DI :",0,0,0,0,0,{992DE7DF-34DF-4C40-8F8A-E867D10684D5},0,OPT_NC,2021/07/05 23:00:03+00,OPT_NC,2021/07/05 23:00:03+00
462833.1373,416158.669,1332,4317,Agence de OUVEA SAINT JOSEPH,,,Annexe,OUVEA SAINT JOSEPH,98820,VILLAGE DE SAINT-JOSEPH,98814,FAYAOUE,206500,440182,"LU : 08:30-12:00
MA : 
ME : 08:30-12:00
JE : 
VE : 08:30-12:00
SA : 
DI :",0,1,0,0,0,{55220498-FB80-41A9-9573-2871F19BDB97},0,OPT_NC,2021/07/05 23:00:03+00,OPT_NC,2021/07/05 23:00:03+00
446300.130000003,221711.07,1972,4329,Centre de Distribution du Courrier de DUMBEA,,,Cdc,Centre de Distribution du Courrier de DUMBEA,98805,247 AVENUE DES VOYAGES,98835,DUMBEA,,,"LU : 07:45-12:00/12:00-15:30
MA : 07:45-12:00/12:00-15:30
ME : 07:45-12:00/12:00-15:30
JE : 07:45-12:00/12:00-15:30
VE : 07:45-12:00/12:00-15:30
SA : 
DI :",0,0,0,0,0,{A952C8EF-AE8E-46D1-AF75-AAC3922955DD},0,OPT_NC,2021/07/05 23:00:03+00,OPT_NC,2021/07/05 23:00:03+00
445672.850000001,214091.58,1973,14051,AGENCE COMPTABLE - CAVEAU,,,Agence,AGENCE COMPTABLE - CAVEAU,98818,7 Rue Eugène PORCHERON,98800,NOUMEA,,,"LU : 
MA : 
ME : 
JE : 
VE : 
SA : 
DI :",0,0,0,0,0,{BF893D62-4942-4510-8C03-EDA682D7C913},0,OPT_NC,2021/11/16 18:50:21+00,OPT_NC,2021/11/16 18:50:21+00
